product_id,id,title,price,sku,fulfillment_service,created_at,updated_at,inventory_quantity
6598930530435,39407169437827,Default Title,58.50,,manual,2021-06-28T17:15:55+08:00,2023-07-05T10:29:10+08:00,0
6666510106755,39580058321027,Default Title,0.00,,manual,2021-11-16T17:28:11+08:00,2022-04-26T15:02:25+08:00,0
6722105704579,39646125523075,RM 10.00,10.00,,gift_card,2022-01-19T12:36:07+08:00,2022-01-19T12:36:07+08:00,0
6722105704579,39646125555843,RM 25.00,25.00,,gift_card,2022-01-19T12:36:07+08:00,2022-01-19T12:36:07+08:00,0
6722105704579,39646125588611,RM 50.00,50.00,,gift_card,2022-01-19T12:36:07+08:00,2022-01-19T12:36:07+08:00,0
6722105704579,39646125621379,RM 100.00,100.00,,gift_card,2022-01-19T12:36:07+08:00,2022-01-19T12:36:07+08:00,0
6741992734851,39679652888707,Default Title,0.00,,manual,2022-03-09T15:39:59+08:00,2022-04-11T11:35:12+08:00,0
7867816312963,43161550880899,Default Title,368.00,,manual,2023-02-28T10:44:48+08:00,2023-04-01T18:40:40+08:00,0
7878721339523,43189877538947,Default Title,357.00,,manual,2023-03-31T12:04:01+08:00,2023-05-08T19:18:50+08:00,0
7880263073923,43194447003779,Default Title,312.00,,manual,2023-04-07T17:51:44+08:00,2023-04-19T09:33:11+08:00,0
7904290865283,43251410468995,Default Title,0.00,,manual,2023-06-28T16:45:45+08:00,2023-06-28T16:45:45+08:00,0
5102995275907,34060156797059,Pinot Noir,0.00,0,manual,2020-07-23T15:23:08+08:00,2020-07-23T15:23:08+08:00,0
5102995275907,34060157321347,Chardonnay,0.00,0,manual,2020-07-23T15:24:02+08:00,2020-07-23T15:24:02+08:00,0
5183310626947,34289413718147,Default Title,102.20,0,manual,2020-12-29T14:41:11+08:00,2023-02-27T11:57:30+08:00,0
6538476486787,39254819635331,Default Title,567.00,1,manual,2021-03-03T16:07:08+08:00,2021-11-01T12:05:26+08:00,0
6538479534211,39254825042051,Default Title,567.00,1,manual,2021-03-03T16:12:00+08:00,2021-11-01T12:05:44+08:00,0
6538481008771,39254827401347,Default Title,567.00,1,manual,2021-03-03T16:14:00+08:00,2021-11-01T12:05:20+08:00,0
6648753160323,39542819324035,Default Title,292.50,1,manual,2021-10-07T15:17:23+08:00,2021-10-10T09:34:35+08:00,0
6648757321859,39542861561987,Default Title,3869.10,1,manual,2021-10-07T15:26:59+08:00,2021-11-05T10:47:50+08:00,0
6648760664195,39542896689283,Default Title,2600.66,1,manual,2021-10-07T15:38:26+08:00,2022-05-09T17:48:25+08:00,0
6648767676547,39542944989315,Default Title,272.70,1,manual,2021-10-07T15:53:40+08:00,2021-10-28T19:23:47+08:00,0
6648771313795,39542958194819,Default Title,518.40,1,manual,2021-10-07T15:58:25+08:00,2021-10-15T15:52:40+08:00,0
7808674594947,43055904882819,Default Title,888.00,1,manual,2022-12-14T16:53:14+08:00,2022-12-14T16:53:14+08:00,0
7821742538883,43088166977667,Default Title,318.00,1,manual,2023-01-17T14:57:49+08:00,2023-01-17T15:18:21+08:00,0
7821822099587,43088262791299,Default Title,399.00,1,manual,2023-01-17T16:01:24+08:00,2023-01-19T11:24:48+08:00,0
7913060892803,43275084955779,Default Title,1800.00,1,manual,2023-07-28T16:38:45+08:00,2023-08-14T17:41:20+08:00,0
6554761199747,39310443151491,Default Title,411.80,2,manual,2021-04-06T16:20:44+08:00,2022-01-14T17:38:40+08:00,0
6554761461891,39310443643011,Default Title,380.38,2,manual,2021-04-06T16:23:48+08:00,2021-12-24T14:10:15+08:00,0
6554761756803,39310444789891,Default Title,369.34,2,manual,2021-04-06T16:26:35+08:00,2021-12-20T02:49:10+08:00,0
6554761855107,39310444920963,Default Title,363.40,2,manual,2021-04-06T16:27:44+08:00,2021-12-24T14:10:10+08:00,0
6554761920643,39310445019267,Default Title,353.21,2,manual,2021-04-06T16:29:35+08:00,2021-12-24T14:10:10+08:00,0
6554762870915,39310445052035,Default Title,348.11,2,manual,2021-04-06T16:31:09+08:00,2021-12-10T10:23:50+08:00,0
6565307383939,39335358234755,Default Title,419.00,2,manual,2021-04-27T10:32:46+08:00,2023-01-30T12:09:20+08:00,0
6648709972099,39542720069763,Default Title,1006.20,2,manual,2021-10-07T13:17:12+08:00,2022-02-16T15:49:59+08:00,0
7916418728067,43283221020803,Default Title,366.00,2,manual,2023-08-11T12:21:57+08:00,2023-08-12T10:35:45+08:00,0
6632994701443,39513497829507,Default Title,1808.10,3,manual,2021-09-10T17:37:03+08:00,2023-01-19T15:40:46+08:00,0
6648719507587,39542746480771,Default Title,279.00,3,manual,2021-10-07T13:27:39+08:00,2021-12-06T17:49:25+08:00,0
6648723800195,39542754640003,Default Title,250.20,3,manual,2021-10-07T13:35:26+08:00,2022-02-16T15:48:36+08:00,0
6648730714243,39542771417219,Default Title,250.20,3,manual,2021-10-07T13:48:18+08:00,2022-02-16T15:51:02+08:00,0
6648746541187,39542803431555,Default Title,832.10,3,manual,2021-10-07T14:41:52+08:00,2022-12-20T12:22:36+08:00,0
6648773607555,39543013048451,Default Title,1660.75,3,manual,2021-10-07T16:07:53+08:00,2022-08-29T16:04:27+08:00,0
6648777834627,39543039066243,Default Title,118.80,3,manual,2021-10-07T16:15:36+08:00,2022-12-21T20:49:40+08:00,0
6648779505795,39543093592195,Default Title,308.70,3,manual,2021-10-07T16:21:45+08:00,2022-06-24T15:04:05+08:00,0
7879168163971,43191633019011,Default Title,810.00,3,manual,2023-04-04T17:58:57+08:00,2023-08-14T17:41:25+08:00,0
4732832317571,32942383267971,Default Title,275.00,6,manual,2020-03-30T16:51:07+08:00,2021-12-28T18:04:50+08:00,0
4865856438403,33294063566979,Default Title,112.50,6,manual,2020-04-14T20:10:11+08:00,2022-10-28T17:46:03+08:00,0
4865999667331,33294307786883,Default Title,114.30,6,manual,2020-04-14T20:34:47+08:00,2023-05-18T17:01:11+08:00,0
5069346177155,33948623995011,Default Title,352.80,6,manual,2020-06-17T13:14:55+08:00,2023-06-27T16:29:35+08:00,0
5093327601795,34034142544003,Default Title,418.50,6,manual,2020-07-14T12:06:49+08:00,2023-01-09T16:38:17+08:00,0
5109268250755,34074958626947,Default Title,77.40,6,manual,2020-07-30T14:37:12+08:00,2022-12-02T11:53:04+08:00,0
5135969747075,34163833602179,Default Title,279.00,6,manual,2020-10-02T14:28:33+08:00,2022-05-09T16:57:39+08:00,0
5137856626819,34170423738499,Default Title,935.60,6,manual,2020-10-07T14:06:39+08:00,2023-06-27T11:28:35+08:00,0
5138529878147,34173357981827,Default Title,329.00,6,manual,2020-10-09T14:42:24+08:00,2021-12-14T16:15:36+08:00,0
5138530304131,34173359587459,Default Title,350.00,6,manual,2020-10-09T14:44:11+08:00,2022-01-19T14:38:10+08:00,0
5138550620291,34173470507139,Default Title,135.24,6,manual,2020-10-09T16:34:41+08:00,2022-03-27T21:06:56+08:00,0
5177714409603,34276920492163,Default Title,301.00,6,manual,2020-12-16T17:04:34+08:00,2021-02-08T11:37:40+08:00,0
5181298344067,34284231098499,Default Title,299.00,6,manual,2020-12-22T11:39:25+08:00,2022-10-11T09:59:51+08:00,0
5183313379459,34289422106755,Default Title,809.00,6,manual,2020-12-29T15:17:58+08:00,2021-11-02T11:11:10+08:00,0
6546623234179,39278331265155,Default Title,94.50,6,manual,2021-03-19T15:06:13+08:00,2023-01-13T17:03:36+08:00,0
6546626674819,39278339162243,Default Title,110.70,6,manual,2021-03-19T15:17:08+08:00,2023-06-28T23:26:35+08:00,0
6552426381443,39303750058115,Default Title,279.00,6,manual,2021-03-30T16:01:03+08:00,2021-04-27T16:44:10+08:00,0
6552430149763,39303761264771,Default Title,749.00,6,manual,2021-03-30T16:22:07+08:00,2022-04-20T09:37:15+08:00,0
6552432476291,39303767097475,Default Title,639.00,6,manual,2021-03-30T16:46:16+08:00,2022-11-26T17:15:55+08:00,0
6554760806531,39310442332291,Default Title,514.53,6,manual,2021-04-06T16:19:28+08:00,2021-12-20T02:49:00+08:00,0
6588306129027,39382262382723,Default Title,288.00,6,manual,2021-06-01T23:46:40+08:00,2022-05-09T18:02:21+08:00,0
6592826572931,39391188582531,Default Title,998.00,6,manual,2021-06-10T16:23:20+08:00,2021-11-02T11:17:40+08:00,0
6596531454083,39398486442115,Default Title,294.30,6,manual,2021-06-18T12:58:17+08:00,2022-11-09T12:58:44+08:00,0
6598930759811,39407170781315,Default Title,58.50,6,manual,2021-06-28T17:18:36+08:00,2023-07-05T10:29:41+08:00,0
6626325561475,39480502648963,Default Title,328.00,6,manual,2021-08-26T17:36:13+08:00,2021-10-19T10:24:37+08:00,0
6627769974915,39485938270339,Default Title,65.70,6,manual,2021-08-30T17:29:15+08:00,2023-07-26T07:50:32+08:00,0
6627770073219,39485942038659,Default Title,65.70,6,manual,2021-08-30T17:31:11+08:00,2023-07-26T07:50:41+08:00,0
6627770237059,39485945774211,Default Title,65.70,6,manual,2021-08-30T17:33:04+08:00,2023-07-26T07:50:51+08:00,0
6632974123139,39513478856835,Default Title,271.35,6,manual,2021-09-10T17:07:50+08:00,2022-04-01T17:24:40+08:00,0
6633023471747,39513523028099,Default Title,265.50,6,manual,2021-09-10T18:14:55+08:00,2022-08-01T15:06:20+08:00,0
6633038676099,39513538429059,Default Title,117.00,6,manual,2021-09-10T18:34:28+08:00,2021-10-07T16:41:35+08:00,0
6633041232003,39513541935235,Default Title,257.40,6,manual,2021-09-10T18:38:28+08:00,2022-10-07T18:23:41+08:00,0
6648782782595,39543150936195,Default Title,103.50,6,manual,2021-10-07T16:28:23+08:00,2023-01-09T16:28:56+08:00,0
7746738192515,42832227631235,Default Title,101.70,6,manual,2022-08-29T16:32:42+08:00,2023-03-10T17:06:41+08:00,0
7916110905475,43282293162115,Default Title,366.00,7,manual,2023-08-09T15:51:59+08:00,2023-08-11T08:21:31+08:00,0
4732324708483,32940738281603,Default Title,80.10,12,manual,2020-03-30T15:38:48+08:00,2023-07-26T07:50:37+08:00,0
4732332408963,32940761677955,Default Title,80.10,12,manual,2020-03-30T15:40:01+08:00,2023-07-26T07:50:50+08:00,0
4732784705667,32942222082179,Default Title,235.00,12,manual,2020-03-30T16:44:35+08:00,2021-10-05T15:50:15+08:00,0
4819169312899,33187799498883,Default Title,115.20,12,manual,2020-04-08T19:43:27+08:00,2020-12-24T14:06:26+08:00,0
4865843101827,33294040727683,Default Title,98.00,12,manual,2020-04-14T20:07:51+08:00,2022-11-11T18:42:05+08:00,0
5043812335747,33864148942979,Default Title,102.20,12,manual,2020-05-29T12:02:04+08:00,2022-01-13T21:49:35+08:00,0
5043817611395,33864177156227,Default Title,112.10,12,manual,2020-05-29T12:09:31+08:00,2022-05-09T17:39:29+08:00,0
5062915195011,33928109555843,Default Title,548.00,12,manual,2020-06-10T15:10:28+08:00,2020-12-22T16:07:08+08:00,0
5067608916099,33943628316803,Default Title,58.50,12,manual,2020-06-15T16:11:14+08:00,2023-07-05T10:32:40+08:00,0
5087900041347,34027158634627,Default Title,155.70,12,manual,2020-07-13T12:03:54+08:00,2022-02-16T16:19:17+08:00,0
5093436031107,34034277777539,Default Title,170.10,12,manual,2020-07-14T12:37:54+08:00,2022-02-16T16:15:14+08:00,0
5093562679427,34034437947523,Default Title,352.80,12,manual,2020-07-14T13:32:52+08:00,2022-12-23T17:11:15+08:00,0
5093835440259,34034861047939,Default Title,118.80,12,manual,2020-07-14T15:23:31+08:00,2022-06-14T16:17:44+08:00,0
5093843337347,34034879463555,Default Title,182.70,12,manual,2020-07-14T15:26:11+08:00,2022-06-14T16:15:26+08:00,0
5093856542851,34034909249667,Default Title,221.40,12,manual,2020-07-14T15:30:33+08:00,2023-03-10T16:45:34+08:00,0
5093888622723,34034990252163,Default Title,98.10,12,manual,2020-07-14T15:42:49+08:00,2022-11-10T12:56:17+08:00,0
5093933285507,34035115098243,Default Title,161.10,12,manual,2020-07-14T15:59:05+08:00,2022-06-07T12:38:55+08:00,0
5093960974467,34035166314627,Default Title,121.50,12,manual,2020-07-14T16:12:26+08:00,2022-06-14T16:13:34+08:00,0
5102995275907,34060152307843,Clody Bay (Sauvignon Blanc),142.00,12,manual,2020-07-23T15:19:53+08:00,2020-12-21T14:44:15+08:00,0
5118120067203,34103736696963,Default Title,135.00,12,manual,2020-08-17T15:51:59+08:00,2022-11-09T12:15:12+08:00,0
5183293161603,34289379967107,Default Title,64.40,12,manual,2020-12-29T11:37:48+08:00,2023-07-05T10:33:53+08:00,0
6632933851267,39513438683267,Default Title,109.80,12,manual,2021-09-10T16:16:11+08:00,2021-10-22T15:57:01+08:00,0
6647734075523,39541085831299,Default Title,365.00,12,manual,2021-10-05T15:40:25+08:00,2023-07-04T08:20:13+08:00,0
6664685650051,39577588891779,Default Title,348.00,12,manual,2021-11-12T15:05:46+08:00,2022-10-04T18:54:55+08:00,0
6704882876547,39625791111299,Default Title,328.00,12,manual,2021-12-28T16:24:21+08:00,2022-05-09T18:02:09+08:00,0
6737102667907,39670248439939,Default Title,300.00,12,manual,2022-02-25T12:38:26+08:00,2022-04-06T12:48:20+08:00,0
6740071219331,39676148187267,Default Title,185.40,12,manual,2022-03-04T17:47:14+08:00,2022-12-27T14:53:05+08:00,0
6743572676739,39681775009923,Default Title,390.00,12,manual,2022-03-14T13:28:33+08:00,2022-07-04T11:08:11+08:00,0
6748868739203,39690095067267,Default Title,280.00,12,manual,2022-03-25T13:59:15+08:00,2023-06-07T14:51:50+08:00,0
6755379675267,39700085276803,Default Title,338.00,12,manual,2022-04-08T12:26:27+08:00,2022-04-27T14:39:29+08:00,0
7699909738627,42713665372291,Default Title,300.00,12,manual,2022-05-20T13:14:57+08:00,2022-06-24T15:06:01+08:00,0
7702351315075,42717066887299,Default Title,300.00,12,manual,2022-05-27T16:37:50+08:00,2022-12-23T15:14:41+08:00,0
7706952728707,42724247208067,Default Title,204.00,12,manual,2022-06-08T14:50:55+08:00,2022-11-08T11:00:32+08:00,0
7768289706115,42907332575363,Default Title,105.30,12,manual,2022-09-30T15:02:15+08:00,2022-12-20T11:46:48+08:00,0
7772077031555,42921000861827,Default Title,187.20,12,manual,2022-10-07T18:18:12+08:00,2023-01-19T15:41:35+08:00,0
7785623683203,42961949917315,Default Title,348.00,12,manual,2022-10-31T17:26:14+08:00,2022-12-06T10:47:51+08:00,0
6761043689603,39707468923011,Default Title,338.00,15,manual,2022-04-21T17:29:53+08:00,2022-07-07T17:52:10+08:00,0
6752494715011,39694650867843,Default Title,338.00,20,manual,2022-04-01T00:37:21+08:00,2022-04-11T09:23:51+08:00,0
7904165757059,43251153305731,Default Title,338.00,20,manual,2023-06-28T10:23:48+08:00,2023-07-25T13:21:15+08:00,0
4817520689283,33181611655299,Default Title,103.50,24,manual,2020-04-08T15:04:35+08:00,2023-02-27T12:02:40+08:00,0
4817938940035,33183507284099,Default Title,104.40,24,manual,2020-04-08T16:10:30+08:00,2021-01-12T14:46:39+08:00,0
4818081284227,33184126468227,Default Title,103.50,24,manual,2020-04-08T16:30:25+08:00,2023-02-06T16:36:27+08:00,0
4818460213379,33185851768963,Default Title,154.80,24,manual,2020-04-08T17:35:51+08:00,2022-02-16T15:55:14+08:00,0
4818510839939,33186002763907,Default Title,103.50,24,manual,2020-04-08T17:44:30+08:00,2022-12-27T11:04:06+08:00,0
4819152994435,33187765780611,Default Title,108.00,24,manual,2020-04-08T19:40:47+08:00,2022-02-16T15:55:20+08:00,0
4819185991811,33187844587651,Default Title,119.70,24,manual,2020-04-08T19:46:34+08:00,2020-12-24T14:06:52+08:00,0
4821125038211,33192522350723,Default Title,93.20,24,manual,2020-04-09T01:18:06+08:00,2023-08-14T10:09:45+08:00,0
4821214298243,33192802123907,Default Title,99.00,24,manual,2020-04-09T01:29:45+08:00,2023-08-13T17:11:51+08:00,0
4821263876227,33192981266563,Default Title,176.40,24,manual,2020-04-09T01:36:03+08:00,2023-01-09T17:00:21+08:00,0
4865884258435,33294116028547,Default Title,101.70,24,manual,2020-04-14T20:15:11+08:00,2023-01-09T17:03:17+08:00,0
4865980399747,33294274003075,Default Title,87.30,24,manual,2020-04-14T20:31:28+08:00,2023-05-18T17:01:19+08:00,0
5067542823043,33943536664707,Default Title,64.40,24,manual,2020-06-15T15:35:12+08:00,2023-07-18T05:40:56+08:00,0
5067672649859,33943727538307,Default Title,60.80,24,manual,2020-06-15T16:44:04+08:00,2022-05-24T14:52:23+08:00,0
5067693883523,33943755882627,Default Title,60.80,24,manual,2020-06-15T16:55:04+08:00,2022-05-24T14:52:32+08:00,0
5087877857411,34027132223619,Default Title,85.50,24,manual,2020-07-13T11:55:46+08:00,2022-06-14T14:28:52+08:00,0
5087939100803,34027214438531,Default Title,127.80,24,manual,2020-07-13T12:19:15+08:00,2022-05-26T15:33:35+08:00,0
5093536530563,34034404884611,Default Title,112.50,24,manual,2020-07-14T13:20:37+08:00,2022-02-16T16:15:21+08:00,0
5093673894019,34034593923203,Default Title,97.20,24,manual,2020-07-14T14:21:25+08:00,2022-06-14T14:27:40+08:00,0
5093899403395,34035026854019,Default Title,100.80,24,manual,2020-07-14T15:46:49+08:00,2022-02-16T16:17:57+08:00,0
5093955240067,34035157794947,Default Title,131.40,24,manual,2020-07-14T16:09:11+08:00,2022-06-14T16:13:51+08:00,0
5109266415747,34074953252995,Default Title,97.20,24,manual,2020-07-30T14:23:55+08:00,2023-03-10T16:30:05+08:00,0
5109267562627,34074957348995,Default Title,114.30,24,manual,2020-07-30T14:31:51+08:00,2023-01-13T16:58:57+08:00,0
5139614761091,34176505872515,Default Title,93.20,24,manual,2020-10-12T11:55:01+08:00,2023-03-03T16:17:51+08:00,0
6732854001795,39662183514243,Default Title,338.00,24,manual,2022-02-14T10:26:31+08:00,2022-04-27T17:36:49+08:00,0
6734170751107,39664857219203,Default Title,348.00,24,manual,2022-02-17T17:27:42+08:00,2022-05-09T18:01:21+08:00,0
6746678984835,39686175260803,Default Title,355.00,24,manual,2022-03-21T13:13:33+08:00,2022-05-18T15:20:15+08:00,0
7757660618883,42867525714051,Default Title,160.00,24,manual,2022-09-15T17:08:44+08:00,2022-11-30T16:55:08+08:00,0
7798974513283,43006178558083,Default Title,396.00,24,manual,2022-11-29T10:01:34+08:00,2023-03-02T12:31:24+08:00,0
7807146229891,43052089802883,Default Title,328.00,24,manual,2022-12-12T16:54:46+08:00,2022-12-28T11:58:21+08:00,0
7816085897347,43074350153859,Default Title,328.00,24,manual,2022-12-30T14:32:48+08:00,2023-01-19T15:38:56+08:00,0
4732837789827,32942401421443,Default Title,189.00,0055-0115,manual,2020-03-30T16:51:56+08:00,2020-12-22T16:07:41+08:00,0
4732854468739,32942467612803,Default Title,296.00,0056-0103,manual,2020-03-30T16:54:15+08:00,2022-01-12T18:32:45+08:00,0
7903870058627,43250375491715,Default Title,620.00,,manual,2023-06-27T16:51:53+08:00,2023-07-28T16:31:35+08:00,1
7912158199939,43271696154755,Default Title,2400.00,,manual,2023-07-24T16:28:01+08:00,2023-07-24T16:28:01+08:00,1
7912166654083,43271756185731,Default Title,2150.00,,manual,2023-07-24T16:41:14+08:00,2023-07-24T16:41:14+08:00,1
7913060270211,43275080302723,Default Title,260.00,,manual,2023-07-28T16:18:28+08:00,2023-07-28T16:18:28+08:00,1
7913060466819,43275081777283,Default Title,960.00,,manual,2023-07-28T16:28:17+08:00,2023-07-28T16:28:17+08:00,1
7913061843075,43275087052931,Default Title,790.00,,manual,2023-07-28T16:41:50+08:00,2023-07-28T16:41:50+08:00,1
7913061974147,43275087216771,Default Title,950.00,,manual,2023-07-28T16:45:00+08:00,2023-07-28T16:45:00+08:00,1
7913062170755,43275088134275,Default Title,360.00,,manual,2023-07-28T16:51:21+08:00,2023-07-28T16:51:21+08:00,1
4732823961731,32942356004995,Default Title,475.00,1,manual,2020-03-30T16:50:01+08:00,2023-07-28T16:47:55+08:00,1
7821756989571,43088187031683,Default Title,492.00,1,manual,2023-01-17T15:23:40+08:00,2023-07-28T16:12:31+08:00,1
7821760036995,43088190898307,Default Title,650.00,1,manual,2023-01-17T15:26:36+08:00,2023-07-28T16:12:25+08:00,1
7821768949891,43088200597635,Default Title,335.00,1,manual,2023-01-17T15:31:21+08:00,2023-07-28T13:21:14+08:00,1
7821778387075,43088212557955,Default Title,380.00,1,manual,2023-01-17T15:36:19+08:00,2023-07-28T16:09:11+08:00,1
7821785104515,43088220258435,Default Title,663.00,1,manual,2023-01-17T15:39:57+08:00,2023-07-28T16:08:59+08:00,1
7821803356291,43088241492099,Default Title,278.00,1,manual,2023-01-17T15:49:46+08:00,2023-07-28T16:47:35+08:00,1
7821828194435,43088269574275,Default Title,350.00,1,manual,2023-01-17T16:05:59+08:00,2023-07-28T16:10:36+08:00,1
7821832847491,43088274587779,Default Title,435.00,1,manual,2023-01-17T16:09:28+08:00,2023-07-28T16:11:02+08:00,1
7821836419203,43088278651011,Default Title,710.00,1,manual,2023-01-17T16:12:13+08:00,2023-07-28T16:11:17+08:00,1
7822542405763,43089981177987,Default Title,270.00,1,manual,2023-01-18T12:03:06+08:00,2023-07-28T16:10:25+08:00,1
7822543683715,43089984028803,Default Title,209.00,1,manual,2023-01-18T12:10:46+08:00,2023-01-18T12:10:46+08:00,1
7903868878979,43250369462403,Default Title,980.00,1,manual,2023-06-27T16:14:43+08:00,2023-06-27T16:17:40+08:00,1
7905695301763,43255966695555,Default Title,1099.00,1,manual,2023-07-03T14:46:36+08:00,2023-07-03T14:47:01+08:00,1
7913060434051,43275081187459,Default Title,330.00,1,manual,2023-07-28T16:23:06+08:00,2023-07-28T16:25:50+08:00,1
6565329174659,39335440875651,Default Title,199.00,2,manual,2021-04-27T12:52:15+08:00,2022-01-12T18:32:45+08:00,1
6648764301443,39542911172739,Default Title,1825.20,2,manual,2021-10-07T15:42:40+08:00,2022-10-09T10:06:32+08:00,1
7807812763779,43054436024451,Default Title,199.00,3,manual,2022-12-13T16:34:50+08:00,2023-05-10T00:10:55+08:00,1
4703134515331,32864297517187,Default Title,1890.00,6,manual,2020-03-27T10:29:29+08:00,2023-06-27T17:05:41+08:00,1
4732802662531,32942280900739,Default Title,360.00,6,manual,2020-03-30T16:47:07+08:00,2023-07-28T15:51:53+08:00,1
4732815507587,32942324514947,Default Title,880.00,6,manual,2020-03-30T16:48:53+08:00,2023-07-28T15:53:06+08:00,1
4732843589763,32942421639299,Default Title,350.00,6,manual,2020-03-30T16:52:42+08:00,2023-07-28T16:05:06+08:00,1
4865906442371,33294154039427,Default Title,148.50,6,manual,2020-04-14T20:18:46+08:00,2022-10-09T18:29:52+08:00,1
4882859524227,33331889930371,Default Title,365.00,6,manual,2020-04-16T18:43:56+08:00,2023-07-28T15:53:19+08:00,1
4966015336579,33596565880963,Default Title,185.40,6,manual,2020-05-05T16:42:10+08:00,2023-08-08T14:54:48+08:00,1
5198223212675,34339416768643,Default Title,1050.00,6,manual,2021-02-05T10:14:30+08:00,2023-07-03T14:48:37+08:00,1
6571443093635,39354310656131,Default Title,300.00,6,manual,2021-05-11T14:37:12+08:00,2023-07-28T15:57:12+08:00,1
6571447255171,39354320650371,Default Title,330.00,6,manual,2021-05-11T14:54:52+08:00,2023-07-28T15:58:23+08:00,1
6596531552387,39398486638723,Default Title,322.20,6,manual,2021-06-18T13:01:52+08:00,2023-05-17T17:39:10+08:00,1
6616785617027,39442929156227,Default Title,328.00,7,manual,2021-08-06T17:31:24+08:00,2021-09-07T12:26:26+08:00,1
4821467562115,33193488973955,Default Title,81.90,12,manual,2020-04-09T02:01:03+08:00,2023-07-25T21:41:30+08:00,1
5197505331331,34337310179459,Default Title,87.80,12,manual,2021-02-03T15:37:34+08:00,2023-06-30T14:34:11+08:00,1
6653881778307,39551272550531,Default Title,328.00,12,manual,2021-10-19T10:23:10+08:00,2021-10-30T19:32:10+08:00,1
7728546021507,42769756586115,Default Title,348.00,12,manual,2022-07-28T17:02:42+08:00,2023-05-31T23:49:48+08:00,1
4821096300675,33192451309699,Default Title,93.20,24,manual,2020-04-09T01:14:31+08:00,2023-06-29T16:03:17+08:00,1
7821754040451,43088181788803,Default Title,480.00,1,manual,2023-01-17T15:18:49+08:00,2023-07-28T16:02:12+08:00,2
6554764017795,39310453538947,Default Title,241.98,2,manual,2021-04-06T16:44:49+08:00,2021-04-06T16:44:49+08:00,2
6565311447171,39335376486531,Default Title,299.00,2,manual,2021-04-27T11:04:21+08:00,2021-04-27T11:52:05+08:00,2
4732210217091,32940316557443,Default Title,549.00,6,manual,2020-03-30T15:21:16+08:00,2022-11-11T10:14:31+08:00,2
4732734505091,32942051754115,Default Title,448.20,6,manual,2020-03-30T16:37:48+08:00,2023-06-28T14:57:30+08:00,2
4865934622851,33294205550723,Default Title,166.50,6,manual,2020-04-14T20:23:28+08:00,2022-01-18T10:34:44+08:00,2
5191284359299,34318196179075,Default Title,338.00,6,manual,2021-01-18T16:38:05+08:00,2023-07-20T12:41:36+08:00,2
6596530962563,39398484279427,Default Title,294.30,6,manual,2021-06-18T12:54:10+08:00,2022-11-09T12:58:17+08:00,2
6646157770883,39536060006531,Default Title,81.00,6,manual,2021-10-01T12:51:51+08:00,2023-08-03T12:38:01+08:00,2
4732503064707,32941386825859,Default Title,98.10,12,manual,2020-03-30T16:07:26+08:00,2023-07-26T19:39:51+08:00,2
4732558803075,32941535199363,Default Title,167.40,12,manual,2020-03-30T16:15:05+08:00,2023-06-27T16:39:56+08:00,2
4732767305859,32942176731267,Default Title,370.00,12,manual,2020-03-30T16:42:10+08:00,2023-03-28T14:22:50+08:00,2
4866351693955,33294991851651,Default Title,91.80,12,manual,2020-04-14T21:29:01+08:00,2023-01-01T10:23:27+08:00,2
4866401140867,33295062237315,Default Title,302.40,12,manual,2020-04-14T21:32:48+08:00,2022-11-09T13:27:11+08:00,2
5093576966275,34034456494211,Default Title,175.50,12,manual,2020-07-14T13:39:29+08:00,2023-06-27T16:36:00+08:00,2
6672752083075,39591746961539,Default Title,486.00,12,manual,2021-11-30T16:30:24+08:00,2023-01-18T17:22:05+08:00,2
4965738774659,33595214233731,Default Title,476.10,24,manual,2020-05-05T14:09:37+08:00,2023-06-28T14:57:30+08:00,2
6652288696451,39549407264899,Default Title,338.00,24,manual,2021-10-15T15:36:18+08:00,2023-07-20T12:41:20+08:00,2
7863437033603,43145583984771,Default Title,348.00,,manual,2023-02-13T16:06:40+08:00,2023-08-02T16:19:25+08:00,3
6648749686915,39542810804355,Default Title,517.90,3,manual,2021-10-07T14:56:12+08:00,2021-10-07T14:56:12+08:00,3
7819430101123,43081822732419,Default Title,131.40,5,manual,2023-01-10T17:43:58+08:00,2023-03-02T11:42:12+08:00,3
4821685338243,33194004021379,Default Title,200.70,6,manual,2020-04-09T02:30:28+08:00,2022-11-09T13:19:03+08:00,3
4866093809795,33294486438019,Default Title,197.60,6,manual,2020-04-14T20:50:12+08:00,2023-05-26T18:36:15+08:00,3
6770955485315,39724993216643,Default Title,355.00,10,manual,2022-05-13T13:28:09+08:00,2022-05-26T15:50:21+08:00,3
4821535981699,33193650290819,Default Title,114.80,12,manual,2020-04-09T02:09:19+08:00,2023-06-28T23:26:35+08:00,3
4866331771011,33294954561667,Default Title,91.80,12,manual,2020-04-14T21:25:44+08:00,2023-08-03T12:38:01+08:00,3
5137856594051,34170423705731,Default Title,187.20,12,manual,2020-10-07T14:04:37+08:00,2022-11-22T15:59:59+08:00,3
5192805023875,34322866241667,Default Title,300.00,12,manual,2021-01-21T13:51:40+08:00,2023-07-02T16:20:05+08:00,3
6646155509891,39536059613315,Default Title,84.20,12,manual,2021-10-01T12:44:56+08:00,2023-01-09T16:22:16+08:00,3
6663993262211,39576382275715,Default Title,93.20,12,manual,2021-11-10T17:04:23+08:00,2023-06-29T16:03:16+08:00,3
6742722773123,39680878674051,Default Title,50.40,12,manual,2022-03-11T15:45:00+08:00,2023-07-28T11:12:25+08:00,3
6745648824451,39684805525635,Default Title,31.50,12,manual,2022-03-18T10:36:09+08:00,2023-04-14T16:15:27+08:00,3
7775235932291,42932751728771,Default Title,318.00,12,manual,2022-10-12T17:39:38+08:00,2022-11-10T16:43:31+08:00,3
4732538617987,32941487718531,Default Title,167.40,24,manual,2020-03-30T16:12:42+08:00,2023-05-17T17:46:20+08:00,3
7903183044739,43248014459011,Default Title,1.00,,manual,2023-06-22T16:24:26+08:00,2023-06-27T13:24:20+08:00,4
4866292449411,33294893023363,Default Title,113.90,6,manual,2020-04-14T21:19:20+08:00,2023-08-08T14:55:09+08:00,4
4866434760835,33295116501123,Default Title,116.10,6,manual,2020-04-14T21:36:20+08:00,2023-08-08T14:53:34+08:00,4
5067617599619,33943638179971,Default Title,64.40,6,manual,2020-06-15T16:16:10+08:00,2023-07-05T10:33:00+08:00,4
4821306048643,33193119678595,Default Title,77.40,12,manual,2020-04-09T01:41:15+08:00,2023-06-29T22:56:20+08:00,4
4965754470531,33595270824067,Default Title,98.10,12,manual,2020-05-05T14:21:09+08:00,2023-07-26T19:39:51+08:00,4
5067631394947,33943669014659,Default Title,58.50,12,manual,2020-06-15T16:23:32+08:00,2023-07-16T08:30:01+08:00,4
5101095452803,34054119424131,Default Title,108.00,12,manual,2020-07-20T11:51:30+08:00,2023-06-28T23:26:35+08:00,4
5137856757891,34170424262787,Default Title,90.00,12,manual,2020-10-07T14:14:34+08:00,2023-08-02T22:23:51+08:00,4
5137856856195,34170424361091,Default Title,103.50,12,manual,2020-10-07T14:16:56+08:00,2023-06-29T16:03:21+08:00,4
6646152953987,39536059154563,Default Title,68.40,12,manual,2021-10-01T12:32:10+08:00,2023-07-18T05:40:55+08:00,4
6650430062723,39546115620995,Default Title,324.00,12,manual,2021-10-11T14:07:23+08:00,2021-11-12T15:17:57+08:00,4
7815132315779,43068466397315,Default Title,348.00,16,manual,2022-12-29T17:12:10+08:00,2023-02-13T15:43:26+08:00,4
5109266710659,34074955382915,Default Title,114.30,24,manual,2020-07-30T14:28:04+08:00,2023-02-20T16:39:46+08:00,4
7890947735683,43218962284675,Default Title,95.40,,manual,2023-05-17T17:05:33+08:00,2023-06-10T10:24:10+08:00,5
6546203574403,39276714590339,Default Title,158.40,1,manual,2021-03-18T15:29:43+08:00,2022-11-09T13:08:53+08:00,5
7807100649603,43051977638019,Default Title,139.00,3,manual,2022-12-12T15:50:11+08:00,2022-12-29T14:34:52+08:00,5
4865952153731,33294231961731,Default Title,197.10,6,manual,2020-04-14T20:26:23+08:00,2022-10-09T22:27:50+08:00,5
5126004801667,34132118306947,Default Title,124.20,12,manual,2020-09-08T14:33:06+08:00,2022-12-22T07:48:36+08:00,5
5139610239107,34176495976579,Default Title,107.60,12,manual,2020-10-12T11:35:22+08:00,2023-05-30T15:19:55+08:00,5
6645254652035,39534556184707,Default Title,298.80,12,manual,2021-09-29T14:06:22+08:00,2023-08-08T14:54:08+08:00,5
7792234954883,42980426449027,Default Title,348.00,12,manual,2022-11-14T15:31:09+08:00,2023-01-03T11:07:56+08:00,5
4821367226499,33193257795715,Default Title,77.40,24,manual,2020-04-09T01:48:42+08:00,2023-08-08T14:53:06+08:00,5
5067602100355,33943620812931,Default Title,64.40,24,manual,2020-06-15T16:07:27+08:00,2023-07-26T17:45:01+08:00,5
7890640961667,43218231722115,Default Title,328.00,,manual,2023-05-16T14:48:11+08:00,2023-06-24T22:13:10+08:00,6
7890947637379,43218962022531,Default Title,103.50,,manual,2023-05-17T17:01:43+08:00,2023-05-17T17:01:43+08:00,6
7903868223619,43250366709891,Default Title,190.80,,manual,2023-06-27T15:53:09+08:00,2023-06-27T15:53:09+08:00,6
7910091882627,43265887731843,Default Title,422.10,,manual,2023-07-17T17:54:40+08:00,2023-07-17T17:54:40+08:00,6
7913991635075,43276902793347,Default Title,288.00,,manual,2023-07-31T14:57:13+08:00,2023-08-13T09:16:45+08:00,6
4732576759939,32941572456579,Default Title,87.30,6,manual,2020-03-30T16:17:23+08:00,2023-08-03T14:32:40+08:00,6
4821328363651,33193167356035,Default Title,77.40,6,manual,2020-04-09T01:43:53+08:00,2023-08-08T14:53:21+08:00,6
4866310373507,33294922383491,Default Title,145.80,6,manual,2020-04-14T21:22:23+08:00,2023-05-17T17:51:25+08:00,6
5069311901827,33948315451523,Default Title,86.40,6,manual,2020-06-17T11:49:53+08:00,2022-11-24T21:02:41+08:00,6
5069313343619,33948327411843,Default Title,136.80,6,manual,2020-06-17T11:52:32+08:00,2022-11-24T21:02:40+08:00,6
5069347422339,33948637855875,Default Title,650.70,6,manual,2020-06-17T13:18:35+08:00,2022-11-24T21:02:51+08:00,6
5137855709315,34170416201859,Default Title,224.10,6,manual,2020-10-07T13:54:46+08:00,2023-05-17T16:46:01+08:00,6
6598933053571,39407173075075,Default Title,58.50,6,manual,2021-06-28T17:34:12+08:00,2023-08-09T21:21:09+08:00,6
6638085668995,39521326366851,Default Title,549.00,6,manual,2021-09-17T16:33:12+08:00,2023-06-27T16:41:01+08:00,6
6646188900483,39536173809795,Default Title,106.20,6,manual,2021-10-01T13:49:12+08:00,2023-05-17T17:41:35+08:00,6
6666487398531,39580033613955,Default Title,256.00,6,manual,2021-11-16T16:23:41+08:00,2021-12-28T15:41:46+08:00,6
7890950553731,43218970148995,Default Title,433.80,6,manual,2023-05-17T17:27:35+08:00,2023-05-17T17:32:52+08:00,6
4732673556611,32941874249859,Default Title,64.40,12,manual,2020-03-30T16:29:12+08:00,2023-07-05T10:31:31+08:00,6
4866123759747,33294542504067,Default Title,143.10,12,manual,2020-04-14T20:53:54+08:00,2022-12-16T17:43:11+08:00,6
5043847037059,33864359280771,Default Title,398.70,12,manual,2020-05-29T13:07:32+08:00,2023-01-09T17:04:27+08:00,6
5043858243715,33864423309443,Default Title,226.80,12,manual,2020-05-29T13:42:32+08:00,2023-08-08T14:55:40+08:00,6
5126003753091,34132114604163,Default Title,142.20,12,manual,2020-09-08T14:23:16+08:00,2022-11-09T13:23:04+08:00,6
5137843486851,34170358857859,Default Title,130.50,12,manual,2020-10-07T12:13:05+08:00,2023-05-17T16:45:32+08:00,6
5137856725123,34170424230019,Default Title,241.20,12,manual,2020-10-07T14:11:15+08:00,2023-06-27T11:29:10+08:00,6
5137857020035,34170424590467,Default Title,144.00,12,manual,2020-10-07T14:19:26+08:00,2023-05-17T16:43:00+08:00,6
5137857052803,34170424656003,Default Title,238.50,12,manual,2020-10-07T14:21:37+08:00,2023-05-17T16:43:26+08:00,6
5162920018051,34243873800323,Default Title,300.00,12,manual,2020-11-20T12:59:45+08:00,2022-05-09T18:01:33+08:00,6
6646150201475,39536058368131,Default Title,71.90,12,manual,2021-10-01T12:12:25+08:00,2023-05-16T14:46:10+08:00,6
6646152265859,39536058499203,Default Title,71.90,12,manual,2021-10-01T12:17:10+08:00,2023-05-16T14:46:05+08:00,6
6646152560771,39536058695811,Default Title,101.30,12,manual,2021-10-01T12:22:46+08:00,2023-05-17T17:40:00+08:00,6
6651576123523,39547821785219,Default Title,318.00,12,manual,2021-10-14T09:48:17+08:00,2022-09-15T17:04:18+08:00,6
6739525435523,39674710065283,Default Title,77.40,12,manual,2022-03-03T14:37:42+08:00,2023-08-08T14:55:23+08:00,6
6752680149123,39695122464899,Default Title,300.00,12,manual,2022-04-01T11:30:59+08:00,2022-12-30T16:57:56+08:00,6
7895848255619,43230324523139,Default Title,348.00,12,manual,2023-05-31T17:24:47+08:00,2023-06-18T20:31:50+08:00,6
7903299010691,43248336699523,Default Title,369.00,12,manual,2023-06-23T11:04:30+08:00,2023-07-12T16:09:25+08:00,6
6757997314179,39703962321027,Default Title,323.00,15,manual,2022-04-15T09:57:34+08:00,2022-05-15T15:05:15+08:00,6
7768179966083,42906607288451,Default Title,348.00,18,manual,2022-09-30T09:55:39+08:00,2022-10-29T23:45:31+08:00,6
5069378781315,33948893053059,Default Title,59.40,24,manual,2020-06-17T14:25:37+08:00,2022-11-10T20:34:56+08:00,6
5126865158275,34134298984579,Default Title,81.90,24,manual,2020-09-09T23:14:01+08:00,2023-05-17T17:50:25+08:00,6
5147995504771,34200063246467,Default Title,87.30,24,manual,2020-10-30T10:57:50+08:00,2023-08-03T14:32:50+08:00,6
6598933086339,39407173107843,Default Title,58.50,6,manual,2021-06-28T17:36:08+08:00,2023-08-09T21:21:13+08:00,7
6666396008579,39579917385859,Default Title,64.40,6,manual,2021-11-16T14:44:54+08:00,2023-07-26T17:45:00+08:00,7
6741988049027,39679649382531,Default Title,929.00,7,manual,2022-03-09T15:19:41+08:00,2022-03-09T15:38:05+08:00,7
7906284732547,43257317130371,Default Title,348.00,12,manual,2023-07-05T15:58:33+08:00,2023-07-16T21:04:46+08:00,7
7751273840771,42848373309571,Default Title,348.00,24,manual,2022-09-06T16:32:32+08:00,2023-04-04T15:59:40+08:00,7
7870932811907,43168995606659,Default Title,348.00,,manual,2023-03-07T10:33:11+08:00,2023-06-28T23:37:25+08:00,8
7903852986499,43250271420547,Default Title,101.70,,manual,2023-06-27T10:44:10+08:00,2023-06-29T16:03:16+08:00,8
4732309602435,32940686672003,Default Title,80.10,12,manual,2020-03-30T15:36:27+08:00,2023-07-18T05:40:55+08:00,8
5043761152131,33863871463555,Default Title,84.20,12,manual,2020-05-29T11:12:57+08:00,2023-06-30T12:00:01+08:00,8
6730757996675,39658926211203,Default Title,318.00,12,manual,2022-02-08T15:06:48+08:00,2022-03-01T10:17:11+08:00,8
4732604907651,32941645299843,Default Title,87.30,24,manual,2020-03-30T16:20:46+08:00,2023-07-05T10:27:54+08:00,8
7881918283907,43200136511619,Default Title,312.00,,manual,2023-04-18T16:14:43+08:00,2023-06-29T20:31:00+08:00,9
4732227223683,32940374818947,Default Title,117.00,0,manual,2020-03-30T15:23:48+08:00,2023-07-26T19:39:51+08:00,9
6666397384835,39579919057027,Default Title,64.40,6,manual,2021-11-16T14:46:47+08:00,2023-07-26T17:45:00+08:00,9
4821149646979,33192624095363,Default Title,99.00,12,manual,2020-04-09T01:21:04+08:00,2023-06-29T16:03:21+08:00,9
5137856397443,34170423509123,Default Title,117.00,12,manual,2020-10-07T14:02:04+08:00,2022-12-21T20:49:41+08:00,9
5139658506371,34176717127811,Default Title,58.50,12,manual,2020-10-12T16:41:49+08:00,2023-07-16T08:30:04+08:00,9
5188328620163,34304893321347,Default Title,105.30,12,manual,2021-01-13T11:23:48+08:00,2023-06-29T16:03:21+08:00,9
5197505953923,34337311031427,Default Title,85.50,12,manual,2021-02-03T15:43:36+08:00,2023-06-28T23:26:36+08:00,9
6730132062339,39657667100803,Default Title,360.00,12,manual,2022-02-07T00:39:04+08:00,2022-02-28T16:55:29+08:00,9
4866040725635,33294371684483,Default Title,81.90,24,manual,2020-04-14T20:41:30+08:00,2023-06-15T16:02:20+08:00,9
4965747851395,33595239825539,Default Title,117.00,24,manual,2020-05-05T14:16:42+08:00,2023-06-29T16:03:16+08:00,9
7903866093699,43250352226435,Default Title,71.90,,manual,2023-06-27T15:46:35+08:00,2023-08-02T22:23:55+08:00,10
7908285743235,43262194843779,Default Title,216.00,,manual,2023-07-11T14:44:00+08:00,2023-08-05T19:14:30+08:00,10
4732512206979,32941417300099,Default Title,98.10,12,manual,2020-03-30T16:08:48+08:00,2023-06-29T16:03:17+08:00,10
4732695838851,32941938704515,Default Title,91.80,12,manual,2020-03-30T16:32:09+08:00,2023-03-30T13:13:35+08:00,10
4732725100675,32942026686595,Default Title,134.60,12,manual,2020-03-30T16:36:22+08:00,2023-07-25T21:41:30+08:00,10
5137856364675,34170423312515,Default Title,112.50,12,manual,2020-10-07T13:58:47+08:00,2023-04-10T20:49:50+08:00,10
5137856692355,34170424066179,Default Title,171.90,12,manual,2020-10-07T14:08:28+08:00,2023-07-25T21:41:30+08:00,10
7904993411203,43253140357251,Default Title,1438.00,12,manual,2023-06-30T14:37:55+08:00,2023-07-03T16:13:40+08:00,10
4732583313539,32941589921923,Default Title,87.30,22,manual,2020-03-30T16:18:16+08:00,2023-07-05T10:27:33+08:00,10
4732549070979,32941507969155,Default Title,167.40,24,manual,2020-03-30T16:13:51+08:00,2023-06-28T14:57:30+08:00,10
4732703539331,32941965279363,Default Title,91.80,12,manual,2020-03-30T16:33:14+08:00,2023-06-28T18:03:00+08:00,11
4732716744835,32942003028099,Default Title,134.60,12,manual,2020-03-30T16:35:10+08:00,2023-07-25T21:41:30+08:00,11
5069310230659,33948304015491,Default Title,69.30,12,manual,2020-06-17T11:45:49+08:00,2023-03-27T15:09:40+08:00,11
6730769006723,39658938433667,Default Title,368.00,12,manual,2022-02-08T15:18:54+08:00,2022-02-21T01:09:36+08:00,11
7768290721923,42907348271235,Default Title,155.70,12,manual,2022-09-30T15:06:57+08:00,2023-04-26T16:46:17+08:00,11
7910997786755,43268951212163,Default Title,486.00,12,manual,2023-07-21T15:00:28+08:00,2023-08-12T14:10:40+08:00,11
4821188673667,33192740978819,Default Title,99.00,24,manual,2020-04-09T01:26:25+08:00,2023-06-29T16:03:21+08:00,11
5011197198467,33720129486979,Default Title,97.20,24,manual,2020-05-15T14:13:55+08:00,2023-05-31T18:46:51+08:00,11
7884345049219,43206249676931,Default Title,250.00,24,manual,2023-04-28T15:22:56+08:00,2023-07-12T16:09:25+08:00,11
7882828447875,43201862828163,Default Title,60.30,,manual,2023-04-20T16:25:06+08:00,2023-04-20T16:25:42+08:00,12
4986109264003,33639921090691,Default Title,243.00,6,manual,2020-05-08T13:11:14+08:00,2023-01-09T16:33:25+08:00,12
4732263989379,32940506448003,Default Title,117.00,12,manual,2020-03-30T15:29:29+08:00,2023-06-27T16:40:01+08:00,12
4732528132227,32941460422787,Default Title,139.50,12,manual,2020-03-30T16:11:19+08:00,2023-04-03T10:03:36+08:00,12
4932345593987,33463345545347,Default Title,117.00,12,manual,2020-04-24T01:33:54+08:00,2023-06-10T10:24:10+08:00,12
4932351557763,33463365271683,Default Title,130.50,12,manual,2020-04-24T01:36:29+08:00,2023-04-03T10:06:50+08:00,12
4932357161091,33463402233987,Default Title,211.50,12,manual,2020-04-24T01:39:24+08:00,2023-04-03T10:03:15+08:00,12
4932367188099,33463437459587,Default Title,167.40,12,manual,2020-04-24T01:43:04+08:00,2023-04-17T10:29:10+08:00,12
4965743296643,33595226882179,Default Title,130.50,12,manual,2020-05-05T14:13:07+08:00,2023-04-03T11:27:50+08:00,12
4965759385731,33595303133315,Default Title,98.10,12,manual,2020-05-05T14:23:32+08:00,2023-04-03T11:24:26+08:00,12
5183006376067,34288632299651,Default Title,117.00,12,manual,2020-12-28T11:14:08+08:00,2023-06-27T16:40:11+08:00,12
7768289116291,42907327856771,Default Title,105.30,12,manual,2022-09-30T14:58:18+08:00,2023-01-09T16:33:11+08:00,12
7768290427011,42907343159427,Default Title,155.70,12,manual,2022-09-30T15:05:21+08:00,2023-06-27T16:34:45+08:00,12
7768291115139,42907354300547,Default Title,155.70,12,manual,2022-09-30T15:08:49+08:00,2023-06-27T16:32:30+08:00,12
7768291410051,42907358593155,Default Title,141.30,12,manual,2022-09-30T15:10:33+08:00,2023-05-03T16:19:01+08:00,12
4821172322435,33192696512643,Default Title,99.00,24,manual,2020-04-09T01:24:13+08:00,2022-11-24T20:55:35+08:00,12
4866272067715,33294854652035,Default Title,212.40,24,manual,2020-04-14T21:15:58+08:00,2023-08-08T14:53:54+08:00,12
5026563915907,33794955346051,Default Title,150.00,24,manual,2020-05-21T15:37:26+08:00,2020-05-22T11:29:32+08:00,12
5043743096963,33863764312195,Default Title,101.30,24,manual,2020-05-29T10:53:58+08:00,2023-05-17T17:37:05+08:00,12
7742213718147,42815112183939,Default Title,368.00,24,manual,2022-08-19T11:42:00+08:00,2022-08-28T13:06:31+08:00,12
6734510522499,39665447370883,Default Title,338.00,24,manual,2022-02-18T16:06:23+08:00,2022-04-01T16:16:55+08:00,14
4732273655939,32940545933443,Default Title,80.10,18,manual,2020-03-30T15:31:02+08:00,2023-06-30T14:34:16+08:00,15
6631905067139,39510800334979,Default Title,19.80,20,manual,2021-09-08T17:56:45+08:00,2023-08-03T18:43:55+08:00,17
7719729430659,42744717869187,Default Title,368.00,24,manual,2022-07-08T20:55:42+08:00,2022-07-18T08:29:25+08:00,17
4732295774339,32940644728963,Default Title,80.10,12,manual,2020-03-30T15:34:20+08:00,2023-06-29T23:13:50+08:00,18
7822554693763,43090055331971,Default Title,270.00,24,manual,2023-01-18T16:38:35+08:00,2023-06-21T16:49:55+08:00,18
5026543698051,33794708144259,Default Title,150.00,24,manual,2020-05-21T15:14:56+08:00,2020-06-08T17:32:05+08:00,22
5011277709443,33720366006403,Default Title,19.80,60,manual,2020-05-15T14:47:33+08:00,2023-05-21T21:02:55+08:00,22
6631906476163,39510801580163,Default Title,19.80,20,manual,2021-09-08T18:06:04+08:00,2023-06-12T16:39:25+08:00,23
5026537767043,33794606727299,Default Title,150.00,24,manual,2020-05-21T15:04:40+08:00,2020-07-23T11:52:15+08:00,23
5026554839171,33794866053251,Default Title,150.00,24,manual,2020-05-21T15:30:09+08:00,2020-05-22T11:30:43+08:00,24
5101172752515,34058228072579,Shiraz+Cabernet Sauvignon+Merlot+Pinotage,320.00,24,manual,2020-07-22T14:50:42+08:00,2020-07-22T14:50:42+08:00,24
5101172752515,34058228105347,Shiraz+Shiraz+Cabernet Sauvignon+Pinotage,320.00,24,manual,2020-07-22T14:50:43+08:00,2020-07-22T14:50:43+08:00,24
5101172752515,34058228138115,Shiraz+Cabernet Sauvignon+Cabernet Sauvignon+Merlot,320.00,24,manual,2020-07-22T14:50:43+08:00,2020-07-22T14:50:43+08:00,24
5101172752515,34058228170883,Shiraz+Cabernet Sauvignon+Merlot+Merlot,320.00,24,manual,2020-07-22T14:50:43+08:00,2020-07-22T14:50:43+08:00,24
7820229410947,43083508514947,Default Title,312.00,30,manual,2023-01-11T17:33:20+08:00,2023-01-11T17:33:20+08:00,30
7887410299011,43212353437827,Default Title,888.00,,manual,2023-05-08T17:54:18+08:00,2023-05-12T17:23:56+08:00,-1
7819430264963,43081824075907,Default Title,131.40,3,manual,2023-01-10T17:50:01+08:00,2023-03-02T11:41:47+08:00,-1